{
  "bam":{
    "category":"player",
    "sounds":[
      {
        "name": "bam",
        "stream":false
      }
    ]
  },
   "crash":{
    "category":"player",
    "sounds":[
      {
        "name": "crash",
        "stream":false
      }
    ]
  },
    "create":{
    "category":"player",
    "sounds":[
      {
        "name": "create",
        "stream":false
      }
    ]
  },
    "erase":{
    "category":"player",
    "sounds":[
      {
        "name": "erase",
        "stream":false
      }
    ]
  },
    "fire":{
    "category":"player",
    "sounds":[
      {
        "name": "fire",
        "stream":false
      }
    ]
  },
    "nocrash":{
    "category":"player",
    "sounds":[
      {
        "name": "nocrash",
        "stream":false
      }
    ]
  }
}